Symbol	Description
1A0	Katrina Group Ltd.
1A1	Wong Fong Industries Limited
1A4	Agv Group Limited
1AZ	Audience
1B0	Mm2 Asia Ltd.
1B1	Hc Surgical Specialistslimited
1B6	Ocean Sky International Ltd
1C0	Cedar Strategic Holdings Ltd
1C5	Pacific Star Development Ltd
1D0	Kimly Limited
1D1	Unusual Limited
1D3	Lifebrandz Ltd.
1D4	Aoxin Q & M Dental Grp Limited
1D5	Capital World Limited.
1E3	Sanli Environmental Limited
1F0	Shopper360 Limited
1F1	Y Ventures Group Ltd.
1F2	Union Gas Holdings Limited
1F3	Aspen (group) Holdings Limited
1G1	Re&s Holdings Limited
1G6	No Signboard Holdings Ltd.
1H2	Olive Tree Estates Limited
1H3	Clearbridge Health Limited
1H8	Ly Corporation Limited
1J0	Slb Development Ltd.
1J4	Jep Holdings Ltd.
1J5	Hyphens Pharma Intl Limited
1J7	Jawala Inc.
1N5W	Xiaomi Mbecw231004
1R6	Avi-tech Hldg
1V3	Mooreast
1X5W	Aia 5xshortub250430
1XMW	Nasdaq 10000mbepw230616
1Y1	Vikingoffshore
3UJS	Ny09100h 240901
40B	Smj International Holdingsltd.
40E	Spackman Entertainment Grp Ltd
40F	Alliance Mineral Assetslimited
40N	Versalink Holdings Limited
40T	Isec Healthcare Ltd.
40V	Singapore Edevelopment Ltd
40W	Zico Holdings Inc.
41B	Huationg Global Limited
41F	Gss Energy Limited
41H	Blackgold Natural Resourcesltd
41O	Lhn Limited
41S	Magnus Energy Group Ltd.
41T	Gccp Resources Limited
42C	Ix Biopharma Ltd.
42D	Nauticawt Limited
42E	Choo Chiang Holdings Ltd.
42F	Cmc Infocomm Limited
42L	Tlv Holdings Limited
42N	Ips Securex Holdings Limited
42R	Jumbo Group Limited
42S	Astaka Holdings Limited
42T	The Trendlines Group Ltd.
42U	Axcelasia Inc.
42W	China Star Food Group Limited
42Z	Eindec Corporation Limited
43A	Gs Holdings Limited
43B	Secura Group Limited
43E	Anchor Resources Limited
43F	Acromec Limited
43Q	Advancer Global Limited
44TW	Lining 5xshortub250321
45IW	Cmb 5xlongub250430
48HW	Lining 5xlongub250430
49B	Amos Group
500	Tai Sin Electric Limited
502	Hsr Global Limited
504	Klw Holdings Ltd
505	Asiamedic Limited
508	Fuji Offset Plates Mfg Ltd
510	Hiap Seng Engineering Ltd
528	Second Chance Properties Ltd
52HW	Simsci 280mbepw230630
52JW	Simsci 330mbecw230630
532	DISA
533	Abr Holdings Limited
53IW	Sia Mb Ecw230530
540	Tung Lok Restaurants 2000 Ltd
541	Craft Print International Ltd
543	Noel Gifts International Ltd
544	Cse Global Ltd
546	Medtecs International Corp Ltd
554	King Wan Corporation Limited
558	Ums Holdings Limited
564	Spindex Industries Limited
566	See Hup Seng Limited
569	Vicplas International Ltd
56DW	Geely 5xlongub250930
570	Transit-mixed Concrete Ltd
573	Challenger Technologies Ltd
575	Asti Holdings Limited
578	Ks Energy Limited
579	Oceanus Group Limited
57HW	Dbs Mb Epw231227
57TW	Uob Mb Ecw231120
580	Santak Holdings Limited
581	Ite Electric Co Ltd
583	Progen Holdings Ltd
584	Oakwell Engineering Limited
585	Asian Micro Holdings Ltd
58UW	Netease 5xlongub251031
594	Loyz Energy Limited
595	Van Der Horst Energy Limited
596	Thai Village Holdings Ltd
5A1B	Astrea V3.85%b290620#
5AB	Trek 2000 Int'l Ltd
5AE	Pollux Properties Ltd.
5AI	Sunlight Group Hldg Ltd
5AL	Annica Holdings Limited
5AU	Ap Oil International Limited
5BI	Carriernet Global Ltd
5BS	Pne Micron Holdings Ltd
5CF	Okp Holdings Limited
5CP	Silverlake Axis Ltd
5CR	Asiatic Group (holdings) Ltd
5CT	Ecowise Holdings Limited
5DD	Micro-mechanics (holdings) Ltd
5DM	Ying Li Intl Real Estate Ltd
5DN	Ezra Holdings Limited
5DO	Sakae Holdings Ltd.
5DP	Heeton Holdings Limited
5DS	Megachem Limited
5DX	Metal Component Engg Ltd
5EB	Cfm Holdings Limited
5EC	ISR Capital
5EF	Adventus Holdings Limited
5EG	New Lakeside Holdings Limited
5EN	Midas Hldgs Limited
5EV	Hosen Group Ltd
5EW	Pan Asian Holdings Limited
5F4	Figtree Holdings Limited
5F7	Hartawan Hldgs Ltd
5FL	Falcon Energy Group Limited
5FW	Linair Technologies Limited
5FX	New Wave Holdings Ltd.
5G1	Eurosports Global Limited
5G2	Kimheng Offshore&marine Hldltd
5G3	Talkmed Group Limited
5G4	Infinio Group Limited
5G9	Tritech Group Limited
5GD	Sunpower Group Ltd.
5GF	Nico Steel Holdings Limited
5GI	Interra Resources Limited
5GJ	Ausgroup Limited
5GZ	Aa Group Holdings Ltd.
5HG	Oniontech Limited
5HH	Hln Technologies Limited
5HT	Communication Design Intl Ltd
5HV	Metax Engineering Corp Limited
5I1	Kop Limited
5I4	Icp Ltd
5IC	Sing Holdings Limited
5IE	Lorenzo International Limited
5IF	Natural Cool Holdings Limited
5IG	Gallant Venture Ltd.
5JK	Hiap Hoe Limited
5JS	Indofood Agri Resources Ltd.
5KI	Soup Restaurant Group Limited
5L7W	Geely 5xshortub250228
5L9W	Singtelmbecw231215
5LE	Sitra Holdings (intl) Limited
5LY	Marco Polo Marine Ltd.
5MD	Soon Lian Holdings Limited
5ML	Old Chang Kee Ltd.
5MZ	Kingsmen Creatives Ltd
5NF	Mencast Holdings Ltd.
5NG	Healthway Medical Corp Ltd
5NV	Chasen Holdings Limited
5O9W	Xiaomi 5xlongub250228
5OC	Koyo International Limited
5OI	Japan Foods Holding Ltd.
5OQ	Teho International Inc Ltd.
5OR	Heatec Jietong Holdings Ltd.
5OU	China Environment Ltd.
5OX	Mary Chia Holdings Limited
5PC	Goodland Group Limited
5PD	Hengyang Petrochem Log Limited
5PF	Jason Marine Group Limited
5PL	Sbi Offshore Limited
5PO	Hiap Tong Corporation Ltd.
5QR	Mann Seng Metal Intl Limited
5QT	Charisma Energy
5QY	Net Pacific Fin Hldgs Ltd
5RA	Asia-pacific Strategic Inv Ltd
5RC	Es Group (holdings) Limited
5RE	Smartflex Holdings Ltd
5RF	Friven & Co. Ltd.
5SO	Duty Free Internationallimited
5SR	Zhongmin Baihui Retail Grp Ltd
5SY	Chew's Group Limited
5TI	Kitchen Culture Holdings Ltd.
5TJ	Far East Group Limited
5TP	Cnmc Goldmine Holdings Limited
5TT	Keong Hong Holdings Limited
5TY	Advanced Systems Automation
5UA	Starland Holdings Limited
5UF	Maxi-cash Fin Svcs Corp Ltd
5UL	Atlantic Navigation Hldg(s)ltd
5UN	Sincap Group Limited
5UO	Sysma Holdings Limited
5UX	Oxley Holdings Limited
5VC	Kori Holdings Limited
5VI	Logistics Holdings Limited
5VJ	Halcyon Agri Corporation Ltd
5VP	Gds Global Limited
5VS	Hafary Holdings Limited
5WA	Intl Healthway Corp Limited
5WF	Isoteam Ltd.
5WG	Singapore Kitchen Equipmentltd
5WH	Rex International Holding Ltd
5WJ	Moneymax Financial Servicesltd
5WV	Asiaphos Limited
5YCW	Yzj 5xshortsg231115
600	Hyflux Ltd
6AZB	Astrea Vi3%b310318#
7QQS	Nz07100s 270301
8A1	Forise Int
8AZ	Aztech Gbl
8B5W	Hsi 20400mbecw230630
8H6W	Hsi 19800mbepw230530
8K7	Ughealthcare
8R9W	Dbs Mb Ecw240701
8U7U	Ireit Global Eur
8Y2W	Jd 5xlongub250127
8YIW	Sunny 5xshortub250430
8YLS	Nz19100s 390701
8YY	Biolidics Limited
92FW	Clife 5xlongub250430
92NW	Nasdaq 7xshortub250922
966W	Nky 31500mbecw231208
96DW	Datapulse Tech W271128
97WW	Hsi 21200mbecw230728
98CW	Uob Mb Ecw231110
9BOW	Simsci 380mbecw231229
9BRW	Tencentmbepw230802
9CI	Capitalandinvest
9CPW	Sea Ads Mbecw230531
9GBW	Xiaomi 5xlongub250930
9H9W	Dbs Mb Epw230530
9HNW	Cnooc 5xshortub250228
9J2W	Petroch 5xlongub250430
9L1W	Tencentmbecw230802
9NDW	Tencent 5xshortub250127
9PPW	Petroch 5xshortub250430
9QEW	Tencent 5xshortub250228
9RAW	Sands Mb Epw231004
9TFW	Singtelmbecw230724
9TRW	Hsi 17400mbepw230530
9UIW	Hsi 20800mbecw230830
9VBW	Meituan Mb Epw231004
9VNW	Hsi 21400mbecw230630
9W2W	Cosco 5xlongub251031
9WSW	Uob Mb Ecw230615
9ZIW	Nasdaq 7xlongub250922
A04	Asl Marine Holdings Ltd
A05	Avjennings Limited
A17U	Ascendas Real Estate Inv Trust
A26	Sinarmas Land Limited
A30	Aspial Corporation Limited
A31	Addvalue Technologies Ltd
A33	Blumont Group Ltd.
A34	Amara Holdings Ltd
A35	Abf Spore Bond Index Fund Etf
A50	Rowsley Ltd.
A52	Annaik Limited
A55	Asia Enterprises Holding Ltd
A78	Liongold Corp Ltd
A7RU	Cityspring Infrastruct Trust
AAJ	Sunmoon Food Company Limited
ACV	Frasers Hospitality Trust
ADN	First Sponsor Group Limited
AFC	Yuuzoo Corporation
AFUS	Nx15100z 250601
AGS	The Hour Glass Limited
AIY	Ifast Corporation Ltd.
AJ2	Ouhua Energy Holdings Limited
AJBU	Keppel Dc Reit
AOF	Amplefield Limited
AP4	Riverstone Holdings Limited
AU8U	Capitaretail China Trust
AUE	United Fiber System Limited
AVM	Boustead Projects Limited
AVX	Hl Global Enterprises Limited
AW9U	First Real Estate Inv Trust
AWC	Lindeteves-jacoberg Ltd
AWG	Aei Corporation Ltd
AWI	Thakral Corporation Ltd
AWK	Fuxing China Group Limited
AWM	Shanghai Turbo Enterprises Ltd
AWV	Captii Limited
AWX	Aem Holdings Ltd
AWZ	Multi-chem Limited
AXB	Yongnam Holdings Limited
AYN	Global Testing Corporation Ltd
AYV	Acma Ltd.
AZA	Ipc Corporation Limited
AZG	8telecom Intl Holdings Co Ltd
AZR	United Food Holdings Limited
AZT	Lottvision Limited
B0Z	China Fishery Group Limited
B26	Ban Leong Technologies Limited
B28	Bonvests Holdings Ltd
B49	World Precision Machinery Ltd
B58	Banyan Tree Holdings Limited
B61	Bukit Sembawang Estates Ltd
B69	Broadway Industrial Group Ltd
B73	Global Investments Limited
B9S	Cosmosteel Holdings Limited
BAC	Jacks International Limited
BAI	S I2i Limited
BAZ	Lion Asiapac Ltd
BBP	Hor Kew Corporation Limited
BBW	Azeus Systems Holdings Ltd.
BCD	China Yuanbang Prop Hldgs Ltd
BCV	Qian Hu Corporation Limited
BCY	Powermatic Data Systems Ltd
BCZ	Travelite Holdings Ltd.
BDA	Pne Industries Ltd
BDR	Willas-array Elec (hldgs) Ltd
BDU	Federal Int(2000) Ltd
BDX	Gsh Corporation Limited
BEC	Brc Asia Limited
BEH	China International Hldgs Ltd
BEI	Lht Holdings Limited
BEV	Swing Media Technology Grp Ltd
BEW	Jb Foods Limited
BEZ	Beng Kuang Marine Limited
BFI	Tiong Seng Holdings Limited
BFK	Pharmesis International Ltd.
BFT	Fabchem China Limited
BFU	Tye Soon Ltd
BGK	Swiber Holdings Limited
BGO	Universal Resource & Svcs Ltd
BHD	China Mining International Ltd
BHK	Siic Environment Holdings Ltd.
BHU	Sutl Enterprise Limited
BIP	Vibrant Group Limited
BIX	Ellipsiz Ltd
BJD	Vibropower Corporation Limited
BJGS	Na16100h 460301
BJHS	Nx16100f 260601
BJIS	Nz16100x 360801
BJV	Yamada Green Resources Limited
BJZ	Koda Ltd
BKA	Sin Heng Heavy Machinery Ltd
BKK	Luxking Group Holdings Limited
BKV	Dukang Distillers Hldgs Ltd
BKW	Datapulse Technology Limited
BKX	Yongmao Holdings Limited
BKZ	Suntar Eco-city Limited
BLA	Union Steel Holdings Limited
BLH	Hai Leck Holdings Limited
BLR	Darco Water Technologies Ltd
BLS	Hotung Investment Hldgs Ltd
BLU	Grp Ltd
BLW	Global Palm Resources Hlgs Ltd
BLZ	Advanced Holdings Ltd.
BMGU	Bhg Retail Reit
BMT	New Silkroutes Group Limited
BN2	Valuetronics Holdings Limited
BN4	Keppel Corporation Limited
BNE	Kencana Agri Limited
BPF	Yhi International Limited
BQC	Xpress Holdings Ltd
BQD	Envictus International Hldgltd
BQF	Xmh Holdings Ltd.
BQM	Tiong Woon Corp Holding Ltd
BQN	Bh Global Corporation Limited
BQP	Southern Packaging Group Ltd
BRD	Sapphire Corporation Limited
BRS	Usp Group Limited
BS6	Yangzijiang Shipbldg Hldgs Ltd
BSL	Raffles Medical Group Ltd
BTE	Bund Center Investment Ltd
BTF	Debao Property Development Ltd
BTG	Hg Metal Manufacturing Ltd
BTJ	A-sonic Aerospace Limited
BTM	Penguin International Limited
BTOU	Manulife Us Reit
BTP	Baker Technology Limited
BTWZ	Hyflux S$500m6%perpcapsec
BTX	Anchun International Hldgs Ltd
BTY	Full Apex (holdings) Limited
BUOU	Frasers Logistics & Ind Trust
BVA	Top Glove Corporation Bhd
BVP	Aims Property Securities Fund
BVQ	Procurri Corporation Limited
BWCU	Ec World Reit
BWM	China Jinjiang Env Hldg Co Ltd
BXE	Cdw Holding Limited
BYI	Phillip Sgx Apac Div Reit Etf
BYJ	Phillip Sgx Apacdiv Reit Etfs$
C04	Casa Holdings Limited
C05	Chemical Industries (f.e.) Ltd
C06	Csc Holdings Ltd
C07	Jardine Cycle & Carriage Ltd
C09	City Developments Limited
C13	Ch Offshore Ltd
C2PU	Parkwaylife Reit
C33	Chuan Hup Holdings Limited
C38U	Capitamall Trust
C41	Cortina Holdings Limited
C52	Comfortdelgro Corporation Ltd
C6L	Singapore Airlines Ltd
C70	City Developments Ltd Nccps
C76	Creative Technology Ltd
C8R	Jiutian Chemical Group Limited
C9Q	Sinostar Pec Holdings Limited
CC3	Starhub Ltd
CDVZ	Krisenergy S$139.464mz240131
CDXW	Krisenergy Ltd. W240131
CEDU	Dasin Retail Trust
CFA	Nikkoam-stc Asia_xj Reit Etf
CGN	Best World International Ltd
CHJ	Uni-asia Group Limited
CHZ	Hrnetgroup Limited
CIN	Courage Marine Group Limited
CJLU	Netlink Nbn Trust
CJN	British & Malayan Hldg Limited
CLN	Apac Realty Limited
CLR	Lion-phillip S-reit Etf
CMGS	Nx18100a 280501
CMOU	Keppel-kbs Us Reit
CNE	Mindchamps Preschool Limited
COI	Nikkoam-stc Asia_xj Reit Us$
CRPU	Sasseur Reit
CTO	Hong Lai Huat Group Limited
CUEW	S&p 5xlongsg250228
CUFW	Hscei 7xlongsg240327
CUJW	Djia 5xlongsg250911
CUMW	Djia 5xshortsg250911a
CUNW	Nasdaq 7xshortsg241016
CUPW	Nasdaq 7xlongsg241016
CUQW	Djia 7xshortsg241016
CUTW	S&p 7xshortsg241218
CUUW	Hsi 7xlongsg231215
CVAW	Hsi 7xlongsg240215
CVDW	Hsi 7xlongsg240327
CVEW	Sti 5xlongsg250529
CVFW	Djia 5xshortsg250911
CVGW	Hscei 5xlongsg240912
CVHW	Hstech 5xlongsg231102
CVIW	Hsi 7xshortsg241218
CVJW	Simsci 5xlongsg260226
CVKW	Hstech 7xlongsg240416
CWBU	Cromwell Reit Eur
CWCU	Cromwell Reit Sgd
CWFW	Hscei 7xlongsg240424
CWGW	Hstech 5xshortsg240327
CWHW	Sti 7xlongsg250529
CWIW	Djia 5xlongsg250911a
CWKW	Hscei 5xshortsg240912
CWLW	Hsi 7xlongsg241030
CWMW	Hstech 5xshortsg241218
CWPW	Simsci 5xshortsg260226
CWQW	Hstech 7xshortsg240416
CXBW	S&p 5xshortsg250228
CXCW	Hstech 5xlongsg240424
CXEW	Ndx 5xshortsg240425
CXGW	Sti 2xshortsg250529
CXIW	S&p 7xshortsg241016
CXJW	Hscei 7xshortsg240912
CXKW	Hsi 5xshortsg241030
CXLW	Simsci 7xlongsg260226a
CXMW	Hstech 7xlongsg240402
CXRW	Hscei 7xshortsg231215
CXS	Uobam Pingan Chinext S$
CXU	Uobam Pingan Chinext Us$
CY6U	Ascendas India Trust
CYAW	S&p 5xlongsg250228a
CYB	Icbc Csop Cgb Etf Us$d
CYC	Icbc Csop Cgb Etf S$
CYDW	Ndx 5xlongsg240425
CYEW	Ndx 5xshortsg240425a
CYFW	Hscei 7xlongsg231215
CYGW	Sti 5xshortsg250529
CYIW	S&p 7xlongsg241016
CYJW	Hsi 5xlongsg240912
CYMW	Hstech 5xlongsg241218
CYNW	Simsci 7xlongsg260226
CYOW	Hstech 7xshortsg240402
CYW	Tricklestar
CYX	Icbc Csop Cgb Etf Us$a
CZBW	Dlc Sg7xshorthsi230920
CZDW	Simsci 7xshortsg231215
CZEW	S&p 5xshortsg250228a
CZFW	Ndx 5xlongsg240425a
CZGW	Sti 7xshortsg250529
CZHW	Hsi 7xlongsg240912
CZIW	Hscei 7xlongsg241114
CZJW	Hsi 5xshortsg240912
CZLW	Hsi 5xlongsg250416
CZMW	Hsi 7xshortsg240125
CZNW	Nasdaq 7xshortsg260401
CZSW	Dlc Sg7xshortmsg230712
CZZW	Nasdaq 7xshortsg241218
D01	Dairy Farm Int'l Holdings Ltd
D03	Del Monte Pacific Limited
D05	Dbs Group Holdings Ltd
D07	Spdr Djia Etf Trust
D5IU	Lippo Malls Indo Retail Trust
D8DU	First Ship Lease Trust
DAIW	Lenovo 5xlongsg240215
DAKW	Wilmar 5xshortsg240424
DAMW	Hkex 5xlongsg240516
DAOW	Aac 5xlongsg230620
DATW	Aac 5xlongsg231214
DAVW	Meituan 5xlongsg231024
DAYW	Alibaba 5xlongsg231024
DBHW	Venture 5xlongsg230713
DBIW	Lenovo 5xshortsg240215
DBPW	Anta 5xlongsg240620
DBWW	Kuaisho 5xlongsg231024
DBYW	Singtel 5xlongsg231214
DCDW	Geely 5xshortsg231214
DCGW	Sia 5xlongsg240424
DCJW	Lining 5xlongsg231019
DCQW	Hkex 5xshortsg250205
DCRU	Digicore Reit Usd
DCUW	Alibaba 5xlongsg250205
DCVW	Citydev 5xlongsg250226
DCXW	Venture 5xlongsg250226
DCZW	Aac 5xlongsg240327
DDPW	Sgx 5xlongsg240424
DDSW	Sats 5xlongsg250515
DDTW	Byd 5xshortsg230620
DDYW	Jd 5xlongsg231024
DDZW	Dlc Sg5xshortgeely B
DEEW	Pingan 5xlongsg240424
DEFW	Sats 5xshortsg250515
DEGW	Gwmotor 5xlongsg230620
DEHW	Xiaomi 5xlongsg231102
DELW	Hsbc 5xshortsg250205
DEMW	Wuxibio 5xlongsg240205
DENW	Dbs 5xlongsg250226
DEOW	Dbs 5xshortsg250226
DEPW	Cmob 5xlongsg250327
DFEW	Yzj 5xshortsg231024
DFIW	Ocbc 5xshortsg240424
DFKW	Sembcorp 5xlongsg250515
DFLW	Lining 5xlongsg240620
DFMW	Wuxibio 5xlongsg231102
DFRW	Netease 5xshortsg250205
DFSW	Dlc Sg5xshortsunny B
DFTW	Alibaba 5xshortsg240205
DFUW	Genting 5xlongsg250226
DFWW	Ocbc 5xshortsg250226
DFXW	Geely 5xlongsg240327
DFYW	Dlc Sg5xshort Byd
DFZW	Lining 5xshortsg240327
DGCW	Dlc Sg5xshort Galaxy A
DGEW	Areit 5xshortsg231214
DGJW	Uob 5xshortsg241024
DGKW	Kepcorp 5xshortsg240424
DGMW	Sembcorp 5xshortsg250515
DGNW	Jd 5xshortsg230620
DGUW	Tencent 5xlongsg231102
DGWW	Sunny 5xshortsg240205
DGYW	Byd 5xshortsg240205
DHBW	Uob 5xlongsg230713
DHEW	Dlc Sg5xshort Hkex A
DHGW	Dlc Sg5xshortwilmar B
DHHW	Uob 5xlongsg251023
DHLU	Daiwa Hse Log Tr
DHMW	Pingan 5xshortsg230705
DHNW	Kepcorp 5xlongsg240424
DHQW	Steng 5xlongsg250515
DHRW	Meituan 5xshortsg230620
DHSW	Dlc Sg5xlong Hsbc A
DHUW	Sinobio 5xlongsg231102
DHVW	Sinobio 5xshortsg231220
DHWW	Tencent 5xshortsg240205
DHXW	Galaxy 5xshortsg250205
DHZW	Petroch 5xshortsg231012
DIBW	Ckasset 5xshortsg231019
DIDW	Sunny 5xlongsg231024
DIFW	Ocbc 5xlongsg251023
DIGW	Steng 5xshortsg250515
DIHW	Tencent 5xlongsg231214
DIIW	Sunny 5xlongsg230620
DIKW	Petroch 5xlongsg241030
DIMW	Aia 5xshortsg250327
DINW	Dlc Sg5xlong Byd
DIOW	Ocbc 5xlongsg250226
DJCW	Dlc Sg5xlong Jd
DJDW	Dlc Sg5xlongjd A
DJHW	Ckasset 5xlongsg231019
DJJW	Sats 5xlongsg231024
DJLW	Cmb 5xlongsg240801
DJNW	Xpeng 5xlongsg230620
DJOW	Geely 5xlongsg231102
DJPW	Sunny 5xlongsg240327
DJSW	Uob 5xlongsg250226
DKAW	Aac 5xlongsg240201
DKBW	Dbs 5xlongsg240306
DKEW	Dlc Sg5xlongkepcorp A
DKGW	Bilibili 5xlongsg230803
DKLW	Sinobio 5xlongsg231220
DKMW	Singtel 5xshortsg230713
DKNW	Cspc 5xlongsg231102
DLDW	Dbs 5xshortsg240306
DLFW	Byd 5xlongsg230803
DLGW	Byd 5xlongsg230914
DLHW	Cnooc 5xshortsg241030
DLJW	Baidu 5xlongsg231115
DLKW	Kingdee 5xlongsg231220
DLNW	Xiaomi 5xshortsg231220
DLSW	Kingsof 5xshortsg231220
DLTW	Hkex 5xshortsg240125
DLVW	Bilibili 5xlongsg231220
DLZW	Yzj 5xlongsg241218
DM0	Psc Corporation Ltd
DMBW	Dlc Sg5xlong Alibaba
DMEW	Dlc Sg5xlong Meituan
DMFW	Cnooc 5xlongsg240201
DMIW	Tencent 5xshortsg231214
DMKW	Bydelec 5xshortsg230803
DMMW	Byd 5xshortsg230914
DMNW	Hkex 5xlongsg231102
DMRW	Kuaisho 5xlongsg231115
DMYW	Sands 5xshortsg231220
DNAW	Dlc Sg5xlongnetease A
DNFW	Dlc Sg5xlongalibaba A
DNJW	Galaxy 5xlongsg230914
DNKW	Lining 5xlongsg231115
DNLW	Netease 5xlongsg231115
DNNW	Pingan 5xshortsg231220
DNPW	Byd 5xlongsg231220
DNQW	Kuaisho 5xlongsg231220
DNSW	Dlc Sg5xlong Netease
DNVW	Jd 5xlongsg231220
DNWW	Wilmar 5xlongsg241218
DOCW	Hsbc 5xlongsg250203
DOGW	Uob 5xlongsg240306
DOMW	Cosco 5xlongsg230803
DONW	Galaxy 5xshortsg230914
DOOW	Kingdee 5xshortsg231220
DOPW	Dlc Sg5xlong Pahealth
DORW	Alibaba 5xlongsg231123
DOSW	Pingan 5xlongsg231115
DOVW	Meituan 5xshortsg231220
DOWW	Tencent 5xlongsg231220
DOYW	Bydelec 5xlongsg231220a
DPBW	Wilmar 5xlongsg240306
DPDW	Tencent 5xlongsg230803
DPFW	Cosco 5xshortsg230803
DPGW	Sgx 5xshortsg241218
DPHW	Alibaba 5xshortsg231123
DPJW	Geely 5xshortsg231115
DPKW	Kuaisho 5xshortsg231220
DPZW	Venture 5xshortsg241218
DQCW	Cnooc 5xshortsg240201
DQEW	Dbs 5xlongsg230713
DQGW	Genting 5xshortsg240306
DQHW	Wuxibio 5xshortsg230803
DQJW	Ganfeng 5xlongsg230803
DQKW	Sembcorp 5xshortsg241218
DQLW	Aac 5xshortsg231123
DQPW	Pingan 5xlongsg230705
DQRW	Sunny 5xshortsg231115
DQSW	Jd 5xshortsg231220
DRBW	Sia 5xshortsg240306
DRCW	Ganfeng 5xshortsg230803
DRHW	Tencent 5xshortsg240411
DRMW	Bydelec 5xshortsg231220a
DRNW	Hsi 21000mbecw230530
DRX	St Group Food
DRZW	Venture 5xlongsg241218
DSDW	Dlc Sg5xlongsunny A
DSGW	Cmb 5xshortsg231019
DSMW	Uob 5xshortsg240306
DSOW	Xiaomi 5xshortsg231214
DSPW	Sands 5xlongsg230803
DSQW	Jd 5xshortsg240327
DSRW	Djia 7xlongub250922
DSTW	Sunny 5xshortsg231214
DSWW	Meituan 5xlongsg240327
DSXW	Baidu 5xshortsg231220
DTDW	Cmb 5xlongsg231019
DTGW	Sia 5xlongsg230713
DTHW	Byd 5xshortsg231214
DTIW	Hsbc 5xshortsg241213
DTMW	Cmob 5xlongsg250213
DTSW	Dlc Sg5xshorttencent B
DU4	Mermaid Maritime Public Co Ltd
DUGW	Hsi 18200mbepw230530
DUHW	Cmob 5xshortsg250213
DUKW	Kepcorp 5xshortsg241218
DUMW	Kepcorp 5xlongsg250410
DUNW	Jd 5xlongsg240416
DUUW	Citydev Mb Ecw230724
DUXW	Aia 5xshortsg240125
DVAW	Clife 5xlongsg240215
DVBW	Lining 5xshortsg231019
DVCW	Dlc Sg5xshortventure B
DVFW	Genting 5xshortsg241218
DVHW	Bydelec 5xlongsg231220
DVIW	Alibaba 5xlongsg231214
DVKW	Petroch 5xlongsg250410
DVLW	Tencent 5xlongsg240416
DVRW	Alibaba 5xshortsg231220
DVZW	Singtel 5xshortsg241218
DWCW	Ccb 5xlongsg240807
DWEW	Clife 5xshortsg240215
DWFW	Citydev 5xshortsg241218
DWGW	Aia 5xlongsg241213
DWIW	Sembcorp 5xlongsg250410
DWTW	Dlc Sg5xshortaac B
DXBW	Dlc Sg5xshort Xiaomi A
DXGW	Anta 5xshortsg231019
DXIW	Citydev 5xshortsg231214
DXJW	Jd Mb Ecw231204
DXLW	Dlc Sg5xlong Xiaomi
DXOW	Capinv 5xshortsg241218
DXQW	Alibaba 5xshortsg240411
DXSW	Dlc Sg5xshort Xiaomi
DXZW	Dlc Sg5xlong Alihealth
DYEW	Citydev 5xlongsg241218
DYFW	Ganfeng 5xlongsg240411
DYGW	Meituan 5xshortsg240411
DYXW	Tencent 5xshortsg231123
DYYW	Hkex 5xlongsg240125
DZDW	Anta 5xlongsg231019
DZMW	Alibaba 5xshortsg231110
DZNW	Meituan 5xshortsg231110
DZOW	Meituan 5xlongsg231110
DZSW	Petroch 5xshortsg250410
DZYW	Ccb 5xshortsg231214
DZZW	Kuaisho 5xshortsg231123
E27	Eucon Holding Limited
E28	Frencken Group Limited
E3B	Wee Hur Holdings Ltd.
E5H	Golden Agri-resources Ltd
E6R	Samko Timber Limited
E9L	Joyas International Hldgs Ltd
EAFW	Pingan Mb Epw231004
EAPS	Nx22100w 320801
EAVW	Tencentmbecw231004
EB5	First Resources Limited
EB7	Ktl Global Limited
EBEW	Hscei 7xlongub250430
ECAW	Meituan 5xlongub251031
EG0	Jes International Holdings Ltd
EH5	United Overseas Australia Ltd
EHFW	Hsi 19800mbecw230830
EHG	Econ Healthcare
EHUW	Jd 5xlongub250228
EHZB	Fptrea 4.49%270916xb#
ELTW	Thaibev 5xshortsg231115
EMI	Emperador Inc.
ENJW	Hsi 15800mbepw230830
ENV	Ls 2 Holdings
EPVW	Byd 5xlongub250930
ER0	Ksh Holdings Limited
ES3	Sti Etf
ESG	Lgi-ospl Slc Etf S$
ESU	Lgi-ospl Slc Etf Us$
EVD	Nikkoam-stc Cn Ev Us$
EVS	Nikkoam-stc Cn Ev S$
EYFW	Hstech 4800mbecw240627
F03	Food Empire Holdings Limited
F10	F J Benjamin Holdings Ltd
F13	Fu Yu Corporation Ltd
F17	Guocoland Limited
F1E	Low Keng Huat (singapore) Ltd
F34	Wilmar International Limited
F83	Cosco Corporation (s) Ltd
F86	Cougar Logistics Corpn Ltd
F99	Fraser And Neave Limited
F9D	Boustead Singapore Limited
FBXW	Meituan 5xshortub250430
FDWW	Hkex 5xlongub250228
FGIW	Hsbc 5xlongub250127
FIAW	China Real Estate W230726
FIMW	Kuaisho 5xlongub251031
FMVW	Hsi 19000mbepw230530
FOFW	Byd 5xlongub250321
FQ7	Jasper Investments Limited
FRLW	Alibaba 5xshortub250127
FRQ	Sing Paincare
FUSW	Sands Mb Ecw231004
FUUW	Xiaomi Mbepw231004
FWQW	Meituan 5xshortub251031
FYZW	Djia 35000mbecw230616
FZCW	Ocbc Bk Mb Epw231110
FZFW	Dbs Mb Ecw230724
G07	Great Eastern Hldgs Ltd
G0I	Nam Lee Pressed Metal Inds Ltd
G13	Genting Singapore Plc
G1N	Lyxor Etf Msci India 10
G20	Gp Industries Limited
G3B	Dbs Singapore Sti Etf
G41	G. K. Goh Holdings Limited
G50	Grand Banks Yachts Limited
G92	China Aviation Oil(s) Corp Ltd
GAUW	Hsi 17200mbepw230728
GEIW	Ocbc Bk Mb Ecw231117
GHCW	Netease 5xshortub250321
GIH	Lhn Logistics
GRE	Uob Ap Grn Reit Us$
GRN	Uob Ap Grn Reit S$
GRQ	Don Agro
GSD	Gld Sg$
GU5	China Kunda Tech Holdings Ltd
GUVW	Xiaomi 5xshortub250321
H02	Haw Par Corp Ltd
H07	Stamford Land Corporation Ltd
H12	Hotel Royal Ltd
H13	Ho Bee Investment Limited
H15	Hotel Properties Ltd
H18	Hotel Grand Central Ltd
H1N	Lyxor Etf Msci Emerging Mkt 10
H20	Hoe Leong Corporation Ltd.
H22	Hong Leong Asia Ltd.
H30	Hong Fok Corporation Ltd
H78	Hongkong Land Holdings Limited
HAOW	Hsi 5xshortub251031
HBWW	Sunny 5xlongub250127
HBYW	Netease 5xlongub250228
HCLW	Hscei3xlongma260327us$
HD9	Dbxt Ftse Vietnam Etf 10
HDTW	Galaxy 5xshortub250430
HHHW	Hsi3xlongma260327us$
HIEW	Sunny 5xlongub250930
HKB	Amtd Ib Ov
HKCW	Sands 5xlongub250930
HMN	Ascott Trust
HMSW	Kepcorpmbecw230628
HOHW	Hsi 7xshortub241231
HQLW	Meituan 5xshortub250127
HQU	Oiltek
HSKW	Comfortdel Mbecw240202
HSS	Lion-ocbc Sec Hstech Us$
HST	Lion-ocbc Sec Hstech S$
HZPW	Kepcorpmbecw231215
i06	Intraco Limited
i07	Isdn Holdings Limited
i11	Ipco Int'l Limited
i15	Isetan (singapore) Ltd
i49	Ifs Capital Limited
I98	Is Msci India 100
IBRW	Hsi 22600mbecw230530
IFAW	Jd 5xlongub250930
IFDW	Hsi 7xlongub250228
IHHW	Hsi3xshortma260327us$
IHSW	Hscei3xshortma260327us$
IOKW	Geely 5xshortub250430
IQQW	Nasdaq3xshortma260327us$
ISFW	Clife 5xshortub250430
ISPW	S&p3xshortma260327us$
ISTW	Hstech3xshortma260327us$
ITQW	Xiaomi 5xshortub250228
ITRW	Hkex 5xlongub250127
IW5	Seroja Investments Limited
IX2	Pec Ltd.
IZGW	Pacific Radiancew270919
IZTW	Tencentmbepw231004
J03	Jadason Enterprises Ltd
J17	Jackspeed Corporation Limited
J2T	Hock Lian Seng Holdings Ltd
J36	Jardine Matheson Hldgs Ltd
J69U	Frasers Centrepoint Trust
J85	Cdl Hospitality Trusts
J91U	Cambridge Industrial Trust
JHXW	Hsi 5xlongub251031
JK8	United Sse 50 China Etf
JLB	Grand Venture Technology Ltd
JMFW	Geely 5xlongub250228
JRTW	Ccb 5xlongub250430
JUIW	Citydev Mbecw240202
JUJW	Sia Mb Ecw230628
JWIW	Simsci 310mbecw230929
JYEU	Lendlease Reit
JZLW	Meituan Mb Epw231204
K03	Khong Guan Flour Milling Ltd
K29	Karin Technology Hldgs Limited
K3MD	Netease.com Adr 10
K3RD	Ctrip.com International Adr 10
K3SD	Baidu.com Adr 10
K6S	Prudential Plc
K71U	K-reit Asia
K75	Koh Brothers Group Limited
KBZW	Hsi 19000mbepw230728
KCIW	Gentingsmbecw230928
KGDW	Wuxibio 5xlongub250930
KGHW	Uob Mb Ecw231117
KGRW	Kuaisho 5xshortub250228
KHDW	Koh Brothers Eco Engg W230925
KJ5	Bbr Holdings (s) Ltd
KJ7	Dbxt Msci Indonesia Etf 10
KJZW	Vikingw270628
KLEW	Citydev Mbecw231005
KNXW	Hsi 7xlongub241231
KOPW	Wilmar Mb Ecw231215
KQVW	Nky 30000mbecw230609
KUH	Tsh Corporation Ltd
KUO	International Cement Groupltd.
KUPW	Meituan Mb Ecw230802
KUX	Dlf Holdings Limited
KV4	Dbxt Iboxx Singapore Etf 5
KYQW	Hsi 23400mbecw230728
L02	Manhattan Resources Limited
L03	Lian Beng Group Ltd
L09	Lung Kee (bermuda) Hldgs Ltd
L19	Lum Chang Holdings Limited
L23	Enviro-hub Holdings Ltd
L38	L.c.development Ltd
L5I	Abterra Ltd
LBPW	Byd 5xshortub250430
LCS	Csop Low Carbon S$
LCU	Csop Low Carbon Us$
LG9	Dbxt Msci China Trn Etf 10
LIW	Eagle Hospitality Trust
LJ3	Overseas Union Enterprise Ltd
LJOW	Comfortdel Mbecw230724
LJRW	Sembind Mbecw230724
LLJW	Hstech 4000mbecw230928
LMBW	Nasdaq 16000mbecw231215
LMKW	Hsi 7xshortub251031
LMS	Lms Compliance
LQDW	Hsi 19200mbepw230630
LQRW	Meituan 5xlongub241231
LS9	Leader Environmental Tech Ltd
LSHS	N519100a 240201
LSS	Phil Long Simsci2x S$
LSU	Phil Long Simsci2x Us$
LUY	Raffles Infrastructurehldgsltd
LXDW	Kuaisho 5xlongub250228
LYNW	Alibaba Mb Epw231004
LYY	Sinocloud Grp
M01	Metro Holdings Limited
M03	Miyoshi Precision Limited
M04	Mandarin Oriental Intl Ltd
M05	Mtq Corporation Limited
M11	Mfg Integration Technology Ltd
M14	Innotek Limited
M15	Matex International Limited
M1GU	Sabana Shari'ah Compliant Reit
M1Z	Tee International Limited
M44U	Mapletree Logistics Trust
M62	Cimb Ftse Asean40 100
MBH	Nikkoam Sgd Ig Corp Bond Etf
MCJW	Jd Mb Ecw230704
MCZW	Sands 5xshortub250127
ME8U	Mapletree Industrial Trust
MF6	Mun Siong Engineering Limited
MIJ	Alliance Healthcare Group Ltd
MJHW	Cmob 5xlongub250228
MLFW	Ocbc Bk Mb Epw230724
MMS	Phillip Mm S$
MMT	Phillip Mm Us$d
MOFB	Nc22300w 720801
MQJW	Uob Mb Epw231102
MQVW	Comfort 5xlongsg231115
MR7	Nordic Group Limited
MRNW	Uob Mb Ecw230720
MSKW	Djia 29000mbepw230616
MT1	Dragon Group Intl Limited
MUDW	Uob Mb Epw230530
MV4	Mewah International Inc.
MVKW	Galaxy 5xshortub250127
MXNU	Elitecomreit Gbp
MZH	Nanofilm
N01	Neratelecommunications Ltd
N02	Nsl Ltd.
N08	New Toyo Int Hldgs Ltd
N0Z	Combine Will Intl Hldgs Ltd
N2H	Hyflux 6% Cum Pref Class A 10
N2IU	Mapletree Commercial Trust
N32	Nippecraft Limited
N33	Nomura Holdings Inc
N4E	Nam Cheong Limited
N5YD	Mufj Financial Adr 10
N6DD	Mizuho Financial Adr 10
N6FD	Toyota Motor Adr 10
N6M	Ishares Usd Asia Bond Etf
NC2	Sri Trang Agro-industry Pcl
NCWW	Wuxibio 5xlongub250430
NCXW	Lifebrandz W240621
NEAW	Geely 5xshortub250127
NEX	Reclaims Global Limited
NGIW	Nky 27500mbepw231208
NHD	Jubilee
NIO	Nio Inc. Usd Ov
NIXW	Hsi 22200mbecw230630
NJXW	Xiaomi Mbecw231204
NLC	5e Resources
NLPW	Pingan 5xshortub250127
NMCW	Meituan 5xlongub250228
NO4	Dyna-mac Holdings Ltd.
NPW	Malaysia Smelting Corp Bhd
NR7	Raffles Education Corp Ltd
NS8U	Hutchison Port Holdings Trust
NTA	Novo Tellus Spac
NTSW	Novo Tellus Spac W291231
NUIW	Byd 5xlongub250430
NVYW	Sia Mb Ecw231215
NWDW	Jd 5xshortub250127
NXEW	Capinv 5xlongsg231115
NXR	Iwow Tech
O08	Ossia International Ltd
O10	Orchard Parade Holdings Ltd
O39	Oversea-chinese Banking Corp
O5RU	Aims Amp Cap Industrial Reit
O6Z	Lonza Group Ltd
O87	Spdr Gold Shares
O9A	Dbxt Msci Singapore Im Etf 10
O9E	Parkson Retail Asia Limited
O9P	Ishares Usd Asia Hy Bond Etf
OAJ	Fortress Minerals Limited
OBBW	Geely Mb Epw231004
OBQW	Hstech 3800mbepw230630
OCRW	Dbs Mb Epw231017
ODBU	Utdhampshreitusd
OFBW	Lining 5xshortub250430
OJQW	Nasdaq 11000mbepw231215
OL9S	Nz10100f 300901
OMK	Vividthree Holdings Ltd.
OMYW	Anta 5xshortub250430
OOPW	Hstech 5xshortub250430
OOSW	Tencent 5xlongub250228
OTS	Ots Holdings
OTX	Medinex Limited
OU8	Centurion Corporation Limited
OV8	Sheng Siong Group Ltd
OVGW	Hstech 5500mbecw230630
OVQ	Phillip Sing Income Etf
OVVW	Jd 5xshortub250430
OXMU	Prime Us Reitusd
OYY	Propnex Limited
P11	Pacific Andes Resources Devltd
P15	Pacific Century Regional Devts
P34	Petra Foods Limited
P36	Pan Hong Property Group Ltd
P40U	Starhill Global Reit
P52	Pan-united Corporation Ltd
P5P	Cimb S&p Asia Pacific Dividend
P74	China Kangda Food Company Ltd
P7VU	Hutchison Port Hldgs Trust S$
P8A	Cordlife Group Limited
P8Z	Bumitama Agri Ltd.
P9D	Civmec Limited
PA3	Ta Corporation Ltd
PBSW	Vibropower W250116^
PGEW	Pegasus Spac W291231
PGS	Pegasus Spac
PH0	Hatten Land
PH1S	Na12100n 420202
PHHW	Alibaba 5xlongub250930
PISW	Cosco 5xshortub250430
PKMW	Geely Mb Epw230802
PMBW	Hstech 4500mbecw230630
PNQW	Pingan Mb Ecw231004
PRH	Citicode Ltd
PU6D	Hsbc Adr 10
Q01	Qaf Ltd
Q0F	Ihh Healthcare Berhad
Q0X	Ultro Technologies Limited
Q5T	Far East Hospitality Trust
QAHW	Thaibev 5xlongsg231115
QAIW	Cmob 5xshortub250228
QC7	Q & M Dental Group (s) Limited
QDAW	Sembind Mbecw231207
QDCW	S&p 4000mbepw230616
QES	Chinasunsine
QFYW	Byd 5xlongub241231
QGGW	Hsi 7xshortub250228
QGWW	Dbs Mb Epw231005
QJDW	Wuxibio 5xshortub250321
QK9	Is Msci India 100 S$
QL2	Ishares Usd Asia Bond Etf S$
QL3	Ishares Usd Asia Hy Bond Etfs$
QNHW	First Sponsor W240530
QNLW	Ocbc Bk Mb Ecw231124
QNS	Southernalliance
QPCW	Aia 5xlongub250430
QPPW	Nio Mbecw230920
QR9	Cimb S&p Asia Pac Dividend S$
QS0	Cimb Ft Asean 40 100 S$
QS9	Radiance Group Limited
QSD	Resources Gbl
QTTW	Anta 5xlongub250430
QXPW	Hsi 5xshortub250430
QZG	Accrelist Ltd
R14	Ramba Energy Limited
R1MS	Nx13100h 230701
R1NS	Nz13100v 330901
RAYW	First Sponsor W290321
RC5	Triyards Holdings Limited
RCTW	Djia 37000mbecw231215
RCU	Revez
RDR	Incredible
RE4	Geo Energy Resources Limited
REVW	Capinv 5xshortsg231115
RF1U	Religare Health Trust
RGMW	Sunny 5xshortub250127
RIVW	Dbs Mb Ecw231017
RMRB	Astrea Iv S$242m4.35%b280614
RMTW	Uob Mb Epw230724
RNXW	Sunny 5xlongub250430
RQ1	Overseas Education Limited
RRBW	Nasdaq 16000mbecw230616
RRQW	Byd 5xshortub251031
RS1	China Environmental Res Gp Ltd
RXS	Pacificradiance
RXWW	Ocbc Bk Mb Ecw230615
RYQW	Lenovo 5xlongub250430
S07	Shangri-la Asia Limited
S08	Singapore Post Limited
S19	Singapore Shipping Corp Ltd
S20	Straits Trading Co. Ltd
S23	Singapura Finance Ltd
S27	Spdr S&p 500 Etf Trust
S29	Stamford Tyres Corporationltd
S2D	Tosei Corporation
S35	Sing Investments & Finance Ltd
S3N	Okh Global Ltd.
S41	Hong Leong Finance Limited
S44	Engro Corporation Limited
S45U	Singapore Index Fund
S51	Sembcorp Marine Ltd
S56	Samudera Shipping Line Ltd
S58	Sats Ltd.
S59	Sia Engineering Co Ltd
S61	Sbs Transit Ltd
S63	Singapore Tech Engineering Ltd
S68	Singapore Exchange Limited
S69	Serial System Ltd
S71	Sunright Ltd
S7OU	Asian Pay Television Trust
S7P	Soilbuild Construction Grp Ltd
S85	Straco Corporation Limited
S9B	Tee Land Limited
SCY	Csop Star&chinext50 S$
SEJ	Noontalk Media
SES	Cph Ltd.
SGSW	S&p 4500mbecw231215
SHWW	Hstech 5xlongub250430
SJY	Megroup Ltd.
SK3	Krisenergy Ltd.
SK6U	Sph Reit
SMIW	Wuxibio 5xshortub250430
SNEW	Cnooc 5xlongub250228
SNSW	Cmb 5xlongub251031
SO7	Yangzijiang Shipbldg Hldgs Rmb
SQ1B	Sia S$750m 3.03% B 240328
SRT	Csop Iedge Sreit Etf S$
SRU	Csop Iedge Sreit Etf Us$
SSKW	Tencent 5xlongub250930
SSS	Phil Short Simsci-1x S$
SSU	Phil Short Simsci-1x Us$
STC	Comba
STG	Sri Trang Gloves
SWMW	Uob Mb Epw231120
SYBW	Galaxy 5xlongub250430
SYYW	Soilbuild Constw240729
T09	Tt International Limited
T12	Tat Seng Packaging Group Ltd
T13	Rh Petrogas Limited
T14	Tianjin Zhong Xin Pharm Group
T15	Tan Chong Int'l Ltd
T24	Tuan Sing Holdings Limited
T41	Telechoice International Ltd
T43	Techcomp (holdings) Limited
T4B	Sino Grandness Food Ind Gp Ltd
T55	Transpac Industrial Hldgs Ltd
T6I	Valuemax Group Limited
T82U	Suntec Real Estate Inv Trust
T8FS	Ny14100e 290701
TATD	Aot Th Sdr
TCCW	Hsi 5xlongub250430
TCHW	Sunny 5xlongub250321
TCPD	Cp All Th Sdr
TCU	Creditbureauasia
TEHW	Djia 34000mbepw230616
TEKB	Temasek S$500m 2.7% B 231025
TEMB	Temasek 1.8% 261124xb#
THLW	Comfort 5xshortsg231115
TID	Xt Mschina S$
TIRW	Nky 24000mbepw231208
TLBW	Gentingsmbecw230724
TMTW	Dbs Mb Epw230724
TPED	Pttep Th Sdr
TQ5	Frasers Centrepoint Limited
TS0U	Oue Commercial Reit
TSGW	Tencent 5xlongub241231
TTTW	Hstech3xlongma260327us$
TVV	Artivision
TWL	Memiontec Hldgs
TYTW	Tencent 5xshortub241231
U06	United Industrial Corp Ltd
U09	Upp Holdings Limited
U10	Uob-kay Hian Holdings Limited
U11	United Overseas Bank Ltd
U13	United Overseas Insurance Ltd
U14	Uol Group Limited
U77	Sarin Technologies Ltd
U96	Sembcorp Industries Ltd
U9E	Hankore Environment Tec Grpltd
UBCW	Comfortdel Mbecw231215
UD1U	Ireit Global
UD2	Japfa Ltd.
UFSW	Netease 5xshortub250228
UGNW	Clife 5xshortub250321
ULQW	Hsi 17000mbepw230630
UMDW	Wilmar Mb Ecw230628
UORW	Meituan 5xshortub250228
UPRW	Hkex 5xshortub250228
UQQW	Alibaba Mb Ecw231004
URR	Sim Leisure Group Ltd.
UUK	Pasture Holdings
UUTW	Jd Mb Ecw231004
UV1	Hisaka Holdings Ltd.
V03	Venture Corporation Limited
V2IW	Byd Mb Ecw231004
V2Y	Synagie Corporation Ltd.
V3M	Metech International Ltd
V7AB	Astrea7a1 4.125%320527#
V7BB	Astrea7b 6%320527#
V8Y	Quantum Health
V9WW	Hsi 18000mbepw230728
VA2W	Sands 5xshortub250930
VAIW	Annaik W241009
VBQW	Uob Mb Ecw230724
VC2	Olam Group
VFP	China Medical (intl) Gp Ltd
VI2	Tc Auto
VJAW	Sembind Mbecw231215
VJLW	Byd 5xshortub241231
VMGW	Jd Mb Epw231004
VMPW	Alibaba Mb Ecw231102
VO4W	Dbs Mb Ecw230615
VOVW	Kepcorpmbecw230724
VOWW	Nio Mbecw230621
VPBW	Yangzijimbecw230928
VPDW	Dbs Mb Ecw231010
VPRW	Nky 23000mbepw230609
VT1	Vertex Spac
VT2W	Vertex Spac W291231
VT6W	Hstech 5xlongub251031
VVL	Alphadx
VWFW	Gentingsmbecw231215
VZLW	Sea Ads Mbecw231229
W05	Wing Tai Hldgs Ltd
W1XW	Incredible W240204
W5UB	Rafflesed 6%cb270923
W7MW	Nasdaq 8800mbepw230616
W8PW	Hkex 5xshortub250127
WA9W	Alibaba 5xlongub241231
WBQW	Hsi 7xlongub251031
WCQW	Ccb 5xshortub250430
WDTW	Hsi 21800mbecw230530
WFUW	Comfortdel Mbecw231220
WG2W	Asl M W240723
WI4W	Lining 5xlongub251031
WJGW	Alibaba Mb Ecw230802
WJP	Vicom Ltd
WNDW	Dbs Mb Ecw231005
WNLW	Pingan 5xshortub250228
WNQW	Hkex Mb Ecw231004
WPBW	Cosco 5xlongub250430
WPC	Vallianz Holdings Ltd
WQ0R	Sinocloud Grp R
WQLW	Hkex Mb Epw231004
WRNW	Hstech 5xshortub251031
WTEW	S&p 3500mbepw230616
WTNW	Hscei 7xshortub250430
WVJ	Ntegrator
WW2W	Djia 40000mbecw230616
WXGW	Cosco 5xshortub251127
WZ2W	Beverly Jcg W240531
X1KW	Yzj 5xlongsg231115
X2PW	Dbs Mb Epw231010
X2YW	Hsi 22000mbecw230728
X5HW	Pingan 5xlongub250228
X7XW	Nio Mbecw231122
X8AW	Cmb 5xshortub250430
X8YW	Byd Mb Epw231004
X9LW	Meituan Mb Ecw231004
XBFW	Alibaba 5xlongub250430
XBJW	Lenovo 5xshortub250430
XCF	Ktmg Limited
XEPW	S&p 4200mbecw230616
XJB	Ghy Culture
XKJW	Hsbc 5xlongub250228
XR6W	Tencent 5xshortub250321
XS1W	Alibaba Mb Epw230802
XVG	$ Aedge Group
XWA	Aem Usd
XWEW	Hscei 7xlongub251031
XXSW	Hsi 18400mbepw230630
XZL	Ara Us Hospitality Trust
Y03	Yeo Hiap Seng Ltd
Y06	Youcan Foods International Ltd
Y35	Sun East Group Limited
Y3D	Mdr Limited
Y45	Singapore Windsor Holdings Ltd
Y6OB	Gsh Cb5.2%241012#
Y6QW	Hstech 5000mbecw230928
Y8E	Samurai 2k
Y92	Thai Beverage Public Co Ltd
Y9XW	Nky 27000mbecw230609
YCPW	Hsbc 5xshortub250228
YF8	Yzj Fin Hldg
YIYW	Jd Mb Ecw231102
YK9	Ykgi
YKDW	Hsi 20200mbecw230530
YMAW	Kuaisho 5xshortub251127
YQ7B	Sia 2021 Mcbz300608#
YT4W	Tencent 5xlongub250430
YW3W	Nky 26000mbepw230609
YWFW	Geely Mb Ecw231004
YYB	Arion Entertainment Spore Ltd
YYN	Platocapital
YYR	Lion-ospl China L Cny
YYY	Lion-ospl China L S$
Z0SW	Geely Mb Ecw231204
Z25	Yanlord Land Group Limited
Z2PW	Nasdaq 13000mbecw230616
Z3LW	Hsi 20200mbecw230728
Z4D	Medilifestyle
Z59	Yoma Strategic Holdings Ltd
Z5MW	Cmob 5xlongub251031
Z74	Singtel
Z77	Singtel 10
Z8PW	Uob Mb Epw231117
ZCLW	Pingan 5xlongub251031
ZFGS	Na21200w 511001
ZG3W	Xiaomi Mbecw230704
ZGNW	Pingan Mb Epw230802
ZHD	Nikkoam-icbcsg Cnb Us$
ZHS	Nikkoam-icbcsg Cnb S$
ZHY	Nikkoam-icbcsg Cnb Cny
ZKX	Ever Glory
ZL8S	Na20100f 500301
ZMKW	Yangzijimbecw230628
ZSEW	Meituan Mb Ecw231204
ZU5W	S&p 3850mbepw231215
ZWAW	Alibaba 5xshortub251127
ZXY	Alpina Holdings
